<?xml version="1.0" encoding="UTF-8"?>
<project-private xmlns="http://www.netbeans.org/ns/project-private/1">
    <editor-bookmarks xmlns="http://www.netbeans.org/ns/editor-bookmarks/2" lastBookmarkId="0"/>
    <open-files xmlns="http://www.netbeans.org/ns/projectui-open-files/2">
        <group>
            <file>file:/Users/rbhaskar/Desktop/OOP%20-%20Java/QualityCars/src/GUI/HumanResource/AddEmployeeIFrame.java</file>
            <file>file:/Users/rbhaskar/Desktop/OOP%20-%20Java/QualityCars/src/EmployeeAndCustomerManagement/Employee.java</file>
            <file>file:/Users/rbhaskar/Desktop/OOP%20-%20Java/QualityCars/src/qualitycars/MainFrame.java</file>
        </group>
    </open-files>
</project-private>
